Open,High,Low,Volume,Chg%
91999,93484,91999,48636,1.78
95840,95840,92460,68480,-3.67
47614,47848,47402,5050,0.15
29960,29960,29682,7530,-0.1
61948,61948,61666,6150,-0.23
45800,46175,45772,39330,-0.51
51087,51120,50820,7550,-0.81
29671,29968,29624,8400,0.38
125999,127150,125765,73228,0.71
86197,86700,85845,26010,0.64
25242,25316,25155,12140,-0.5
28435,28530,27950,460,-0.73
31460,31568,31416,9610,0.03
32950,33241,32950,21100,0.3
25175,25224,25003,11240,-0.35
71170,71290,70900,11770,-0.01
46297,46798,46163,17710,0.74
34823,34898,34520,18210,-0.15
79944,80000,79431,18521,-0.54
45700,45850,45330,37990,-0.33
50999,51111,50766,20580,0.06
29922,30043,29862,7100,-0.14
58850,59100,58700,7160,-0.12
29399,29696,29345,20390,0.61
29705,29705,29532,8540,-0.47
26751,26877,26680,19710,-0.01
40690,40700,40100,40,0.39
28190,28208,27935,17380,-0.34
25235,25287,25084,13970,-0.29
30512,30574,30335,6410,-0.2
44750,44920,44636,22090,-0.16
25949,26070,25670,15440,-0.8
34520,35500,34430,2710,1.21
47247,47281,46920,14360,-0.67
28843,28928,28807,4560,0.09
26929,26994,26856,9900,-0.06
50741,50909,50607,9490,0.22
58553,58644,58111,10480,-0.83
28269,28925,28183,230,2.87
30385,30498,30008,190,-0.37
37572,37825,37427,25210,0.54
44918,45050,44805,310,0.06
98986,99975,98760,32483,0.83
29209,29525,29120,990,0.55
30874,31085,30874,80,0.57
61021,61688,60800,360,-0.32
50458,50495,49824,10970,-0.98
28488,28630,28213,18090,-0.31
33499,33797,33434,11910,0.87
56194,56339,56181,3510,-0.05
28430,28696,28400,12970,0.0
30063,30096,29840,11580,-0.5
50950,51108,50863,10050,0.2
50398,50830,50272,14220,0.36
59064,59702,59064,4230,0.57
86177,86380,85130,23226,-0.51
77246,78600,76613,60,-0.05
44279,44499,44188,50,-0.31
31302,31383,30965,10710,-1.23
47550,47712,47492,9950,0.47
84960,85000,84083,30763,-1.0
52619,52925,52580,9290,0.41
62530,62536,61977,14950,-0.78
51598,51889,51515,26220,0.52
32907,32999,32875,10560,0.11
58576,58726,58527,5100,-0.05
63360,63640,62453,230,-0.7
73162,73255,72910,10650,0.01
46900,47299,46702,2009,0.34
29282,29460,29240,8980,0.42
72596,72726,71551,18390,-1.91
126541,127824,126150,80023,0.24
30482,30578,30403,3200,-0.3
26610,26647,26539,1820,-0.03
57743,58059,57673,440,0.77
48237,48999,48237,630,1.38
30031,30125,29539,3050,-0.83
38050,38263,37736,27080,-0.74
28450,28450,27951,2100,-1.29
58690,58720,58390,9830,-0.19
30650,30740,30570,4840,0.13
48963,49145,48948,80,0.35
50219,50293,50084,7200,-0.08
26636,26847,26530,2330,0.31
90360,90920,90011,28184,0.3
57320,57450,57230,7420,0.17
51300,52200,51127,340,0.76
53646,53866,53614,5370,0.14
50770,50930,50728,7010,0.28
32992,33280,32992,11790,0.89
55303,55700,55205,9170,1.01
26500,26600,26401,3300,0.33
47814,47970,47806,4650,0.22
31001,31001,30852,8540,-0.07
46202,46750,46125,20250,1.05
30848,30899,30673,7270,-0.23
25994,26367,25967,20080,1.17
37512,37810,37400,21940,0.58
59150,59325,59050,9300,0.12
57420,58557,57015,20000,1.47
77450,78049,77361,21727,0.29
27805,27929,27702,11020,0.11
31390,31484,31267,4730,1.03
29750,29817,29660,7310,0.15
89237,90407,87773,74078,-2.03
31459,31966,31420,14090,1.45
38223,38230,37920,24870,-0.06
49600,49743,49315,23310,-0.22
49210,49334,48881,650,0.21
30463,30550,30463,40,0.13
48275,48830,47960,35570,0.77
33333,33484,33333,8880,0.6
37999,38270,37999,10200,0.6
28863,28875,28780,6700,-0.21
68211,69387,68000,3020,0.99
42750,43585,42750,39100,2.22
88280,88850,88280,16479,0.62
30388,30440,30080,930,-0.65
26859,26910,26403,15110,-1.49
63303,63303,61941,80,0.48
28452,28487,28250,16660,-0.56
29895,29900,29756,6680,0.43
65455,65670,65400,7390,0.19
62079,62079,61735,9080,-0.4
29102,29119,28831,24490,-0.68
61228,61450,60801,18620,-0.52
26904,27050,26862,15860,0.09
72798,73650,72760,16470,0.96
46070,46666,45962,41710,1.05
30380,30412,30000,2260,-0.69
52680,53439,52410,33010,0.87
37948,38215,37879,150,-0.03
39562,39762,39562,15820,0.2
49215,49365,49035,14680,0.1
47720,48250,47713,13670,1.42
30876,30913,30720,6330,0.18
66370,67870,66370,14140,1.96
42350,43000,41248,4470,-1.02
26899,27225,26892,17500,1.22
56323,56490,56251,80,-1.18
96600,96600,95836,32799,-0.04
30413,30474,30290,10960,-0.09
71537,71640,71109,12550,0.23
47560,47700,47333,14170,-0.22
42470,42735,42006,26970,-0.76
62091,62115,61515,13550,-0.81
100813,101520,100813,17097,0.51
70700,71448,70673,21010,0.74
29351,29797,29331,9520,0.73
59044,59456,58891,2690,0.66
47199,47525,47140,14500,0.02
30000,30197,29960,6810,-0.07
31035,31139,30925,8029,0.07
30060,30110,29889,9200,-0.35
48034,48280,47981,15130,0.5
55794,55794,55486,6660,-0.17
59057,59191,58870,8850,0.18
24784,24849,24705,14890,-0.16
25360,25486,25360,170,0.03
37274,37844,37188,33320,1.13
38300,38898,38300,2300,1.23
73450,74050,73364,20000,0.85
35200,35840,35100,820,1.63
26699,26849,26670,11990,0.06
26950,26950,26803,11290,-0.54
42050,43277,41960,70,2.58
28666,28980,28551,23800,0.34
50686,51100,50531,24720,0.26
60678,60745,60375,8930,-0.03
26468,26468,26200,10610,-1.22
28590,28799,28568,9310,0.52
67976,68340,67670,11300,1.01
30717,30777,30678,4030,-0.23
51438,51527,51100,230,0.03
27131,27360,27078,11360,0.56
50333,50771,50326,25030,0.61
29287,29376,29220,12970,0.39
31480,31799,31450,12640,0.74
29600,29740,29512,9840,-0.31
65733,66061,65600,11510,-0.38
28840,28840,28547,18290,-0.48
44946,45125,44818,18820,0.15
37710,37850,37532,17280,-0.05
56181,56285,56000,6390,-0.08
35065,35135,34907,20410,-0.32
24800,25096,24774,14670,0.93
29420,29456,29352,1530,-0.5
29392,29411,29256,18210,-0.18
56103,56350,55963,6300,-0.17
28830,28875,28736,9250,0.19
47940,48100,47327,210,-1.09
28451,28586,28373,580,-0.1
58657,59051,58463,8910,0.84
48812,49086,48760,28010,0.39
59550,59950,59410,14350,0.5
30151,30248,30074,5560,-0.09
72405,72405,71735,16920,-1.07
30141,30385,30042,19070,0.58
29230,29334,29088,10550,-0.03
47800,47969,47593,3060,0.01
37511,37837,37511,9500,0.54
75255,75840,75255,21000,0.69
64059,64541,64050,10,0.92
31149,31249,30850,17170,-0.48
30102,30120,29740,9280,-1.15
29651,29707,29584,6550,0.12
30398,30520,30264,8850,0.41
47400,47535,47251,12520,-0.08
32070,32197,31968,11740,0.24
52805,52911,52400,7840,-0.15
30075,30448,30062,1440,0.7
85500,85856,84285,35299,-1.21
56230,56430,56230,6770,-0.19
56486,56641,56160,11220,0.84
100199,100650,100199,22638,0.41
63072,63338,62894,680,0.06
28694,28866,28674,9520,0.73
77517,77520,76520,19860,-1.04
63119,63471,62969,7810,-0.27
31120,31123,30937,9140,-0.49
50542,50580,50010,31070,-0.65
29502,29550,29364,7210,-0.14
26219,26277,26015,14350,-0.39
27835,27835,27652,4090,-0.32
29604,29668,29520,5980,-0.1
26715,26817,26665,11230,0.23
30050,30348,30010,14460,0.66
30310,30476,30185,9880,0.41
50680,52840,50026,92180,0.69
56107,56107,54997,740,-1.11
31120,31260,31064,16800,0.72
39600,39699,39464,18190,0.39
30925,31146,30861,210,0.25
31167,31500,30967,8760,0.21
69000,69349,68767,12010,0.55
30686,30865,30405,20720,-0.18
47660,48119,47290,110,-0.37
30045,30181,29710,12750,0.26
30262,30505,30132,21900,0.35
49390,49463,49125,8750,-0.18
34270,34270,33777,13580,-0.6
28700,29233,28700,7610,1.85
30224,30298,30055,5780,-0.05
29640,29643,29504,5080,-0.1
65150,65419,65055,13400,0.31
31588,31730,31542,4520,-0.42
38740,38998,38289,24910,-0.89
38063,38194,37988,11170,0.02
31430,31643,31400,10030,0.28
48344,48344,47531,380,-1.39
32631,32760,32631,10040,0.39
46399,47125,46235,80,1.25
71060,72510,71053,50,1.18
49000,49190,48891,27740,0.13
31900,32538,31885,25010,1.82
40139,40399,39929,23430,0.17
47893,47936,47355,22210,-0.97
49734,50238,49640,46550,1.12
26164,26246,25985,470,-0.6
29750,29949,29750,11850,0.69
59980,60195,59701,11510,0.33
27170,27280,27101,3070,0.2
96298,97623,96298,46217,1.63
38090,38249,38090,12600,0.26
59100,59275,58600,16410,0.0
71209,71549,70983,8890,0.54
28593,28593,28460,7550,-0.5
46850,46997,46638,14040,-0.47
33225,33450,33205,9010,0.21
47840,48030,47594,12770,0.28
35180,35380,35003,29520,-0.24
51073,51141,50610,2380,-0.94
37560,37800,37501,20060,0.48
28130,28640,28088,19080,0.59
47649,47850,47510,100,0.4
58164,58328,58073,6850,0.1
71417,71775,71252,14690,0.29
25395,25519,25351,10870,0.19
31490,31566,31401,9920,-0.02
58598,58619,58401,5670,-0.43
29230,29456,29002,50,-0.17
57721,57900,57575,8260,-0.04
26909,26909,26491,9510,-1.17
56740,56800,56465,10530,-0.15
60012,60200,59730,10300,-0.68
95345,95476,93856,49630,-0.4
79950,80221,79687,13556,0.44
26813,26940,26750,15640,0.03
30566,30770,30550,150,0.05
59126,59260,59005,6090,-0.35
97870,98658,97120,55501,-0.57
59312,59670,59247,890,-0.13
29521,29690,29521,8109,0.23
127279,128943,127279,25841,0.86
25448,25568,25411,8380,0.47
38179,38400,38179,10520,0.7
44000,46299,44000,20590,1.68
26271,26288,25886,19000,-1.15
28575,28575,28251,11490,-1.06
29678,30050,29678,3140,1.47
28530,28670,28519,7480,0.22
29570,29890,29479,18140,0.7
32131,32171,32020,11010,0.07
31721,31896,31560,10730,0.22
38805,38995,38685,11520,0.54
59257,59257,58401,12460,-1.23
57600,57811,57375,6460,-0.38
28754,28856,28653,12120,-0.15
28400,28500,28299,480,-0.14
28533,28620,28405,8240,0.42
26807,26968,26633,10680,-0.05
58680,58879,58508,7820,-0.19
59752,60000,59411,11030,-0.71
27056,27148,26500,10430,-1.86
28978,28978,28727,10490,-0.56
28803,29019,28535,330,-1.18
50850,51038,50590,430,-0.23
26800,26860,26605,70,0.24
51684,51811,51020,220,-0.84
28333,28559,28300,9540,0.69
30663,30679,30436,7520,-0.28
48919,48985,48554,25140,-0.54
87909,88248,87627,12655,0.26
26900,26949,26820,8560,-0.12
122904,123579,121901,70110,-0.27
76232,76302,76053,60,-0.02
30253,30350,30145,13500,0.07
94002,95155,91880,38519,-2.47
30393,30393,30220,9130,-0.49
49298,49438,47425,3140,-1.4
51092,51317,50855,6300,-0.12
28416,28497,28283,7400,-0.22
28022,28063,27875,8560,-0.52
71774,73931,71721,41610,0.48
31121,31369,31103,11980,0.24
52033,52451,52002,13180,0.47
52500,52659,51860,55710,-0.99
47920,48034,47790,10820,0.04
29684,29983,29233,330,0.47
54900,55949,54701,40,1.48
62900,63400,62430,160,0.34
47147,47828,47064,29170,1.59
48672,49490,48672,27930,0.9
31220,31238,31075,8690,-0.15
30040,30130,29860,24610,0.27
37740,37948,37735,13050,0.26
26620,26620,26375,26020,-0.94
52801,53000,52000,47420,-1.31
51390,51722,51283,11700,0.32
30731,30910,30455,15510,-0.05
72500,73335,72427,24810,1.08
48200,48937,47809,360,1.55
31310,31428,31191,12100,0.1
59888,60124,59741,7030,0.24
55700,55920,55550,8850,0.29
30211,30347,29834,1040,-0.71
26926,27014,26133,4370,-0.66
28388,28666,28281,26080,0.76
32100,32147,31986,9550,-0.37
129160,129163,128259,26343,-0.27
49961,49961,49124,32650,-1.58
31372,31414,31285,10230,-0.07
33385,33398,33130,8440,-0.63
25475,25970,25172,30780,1.8
38067,38067,37728,19420,-0.42
30518,30597,30270,7860,-0.69
28701,28750,28331,13010,-0.5
50680,50690,50108,30920,-0.84
48321,48765,48200,220,0.74
58582,58741,58487,6650,0.04
30400,30593,30270,8400,0.11
28505,28505,28168,8400,-0.81
71950,72257,71810,11480,0.55
31200,32500,30770,1490,3.94
29388,29459,29350,5660,0.55
50822,51030,50680,9200,0.11
58800,58948,58721,5380,0.07
46050,46343,45751,53030,-0.71
27131,27569,27063,21700,1.32
27013,27280,26916,24400,0.51
110001,110550,109850,38451,0.0
88001,88569,86651,53976,-1.27
30600,30640,30495,20,0.1
30404,30449,30288,5610,-0.22
49180,49915,49152,11920,1.64
47363,47453,47020,35350,-0.45
28664,28680,28530,490,-0.29
37860,38147,36860,41660,-1.44
135687,135850,135001,14622,0.23
58396,58898,58313,13140,0.62
74236,74498,73860,12490,-0.14
46352,46673,46250,36810,-0.42
27496,28429,27496,29380,2.9
29425,29590,29425,9230,0.51
28345,28423,28078,24630,-0.15
57188,57303,56930,7560,-0.08
26960,27019,26825,16350,-0.18
58171,58239,58124,20,0.13
87148,88145,87148,34767,0.73
27168,27188,26910,19320,-0.2
28531,28612,28480,7970,-0.04
38578,39699,38265,31730,-0.24
29894,30220,29894,19270,1.11
132600,133490,132060,54875,0.37
71037,71272,70803,15290,0.28
71315,71427,70537,17530,-0.86
25260,25346,25250,8980,0.23
31256,31335,31166,11470,0.07
87879,87930,87191,17733,-0.54
28950,29039,28922,6380,0.27
32066,32273,32064,12590,0.12
47849,48083,47726,21580,0.43
70595,70776,70189,15270,-0.13
27956,28169,27956,1260,0.33
29780,29860,29754,8690,0.23
53387,54180,51888,70760,0.57
100416,101048,100400,15905,0.43
50589,50760,50525,6960,0.22
47200,47297,47064,15390,-0.11
49200,49237,48960,13690,-0.44
30738,30738,30321,10280,-0.82
29000,29000,28510,33730,-1.65
99350,100238,98960,41357,0.96
40239,40480,39368,72460,-1.28
30285,30285,30004,8630,-0.96
31160,31280,31068,6350,0.31
72052,72300,71400,140,-0.05
26582,26910,26582,130,-0.09
46020,46735,46020,47990,1.41
47800,48159,47706,860,0.52
27624,27678,27535,8400,-0.01
29021,29200,28970,90,-0.54
29481,29635,29481,6280,0.59
38098,38144,37940,10410,-0.4
31130,31218,31087,7060,0.17
31500,31525,31393,5650,-0.2
29236,29625,29236,14790,0.5
30951,31243,30950,12640,0.84
46580,46715,46160,21710,-0.56
75199,75643,75075,15810,0.23
51699,51900,51240,10,1.61
27504,27640,27252,24650,-0.42
25849,25920,25689,20230,0.13
45842,45960,45488,7360,-0.59
31039,31196,30974,10550,0.26
26200,26370,26200,14620,0.37
50545,50783,50435,11780,0.32
28445,28540,27432,31580,-3.25
46090,46263,45903,13910,-0.21
54650,54733,54005,10850,-1.13
46029,46396,45915,15300,0.9
26700,26815,26642,17170,0.22
26510,27078,26462,28450,1.85
24976,25071,24900,2120,-0.04
26931,26931,26377,11020,-1.31
98440,99090,98260,38156,0.32
39500,39500,38645,180,0.21
31670,31839,31635,8630,0.0
48447,48806,48300,21060,0.55
70821,71395,70665,10720,0.54
50292,50525,50087,9110,0.07
29370,29540,29227,13290,0.43
60050,60499,60007,11380,0.47
28792,28792,28687,6690,-0.38
28732,29025,28575,14220,0.41
61115,61211,60922,8990,-0.16
48094,48172,47720,170,0.08
27150,27475,27150,17550,0.74
26828,26828,26690,8430,-0.25
30796,30880,30711,14210,0.03
46499,46782,46030,26090,0.92
28224,28699,28190,260,1.69
27882,27882,27630,16960,-0.95
30936,30994,30920,3910,0.0
125899,127099,125625,50902,1.18
27642,27974,27642,14140,1.03
100810,100810,99630,44871,-1.41
59188,59234,58967,8039,-0.35
30700,30867,30620,7550,0.19
50100,50100,49713,9240,-0.07
51029,51572,50737,320,0.93
26281,26310,26001,18600,-0.54
30942,31165,30891,12600,0.44
132600,134688,132600,52738,1.67
48000,48144,47821,14860,0.14
69783,70313,69043,580,-0.04
27351,27538,27230,14470,-0.24
48368,48538,48296,8930,0.01
71400,71990,71290,16900,0.63
30590,30749,30522,12330,0.23
29165,29250,29090,12580,0.06
26698,26698,25801,170,-0.79
40510,40510,40243,17790,-0.63
37874,38400,37840,150,0.93
44902,45018,44750,18240,0.06
121799,124100,121799,64150,2.35
27660,27835,27578,170,0.46
51451,51468,51060,8290,-0.58
71403,71718,71281,14010,0.47
27850,28150,27753,14380,0.55
71524,72250,71496,180,1.13
27890,28050,27686,18230,-0.39
53860,54085,53704,8680,0.39
86746,87796,86530,26749,1.19
47542,47588,47371,6430,-0.05
62355,62948,62355,12200,0.64
28132,28326,28083,11750,0.31
49304,49304,48100,70,-0.21
121759,121899,119270,69968,-2.08
28645,28665,28542,5630,-0.07
59570,59690,59301,9040,-0.11
49095,49298,48780,46250,-0.54
29611,29776,29611,3930,0.17
30799,30836,30721,4810,-0.1
27800,27825,27671,14010,0.05
75502,75588,74644,26010,-0.62
27782,27848,27435,22610,-1.17
50710,51030,50411,12500,0.28
28627,28692,28226,20040,-1.1
28623,28623,28447,2230,-0.26
51752,52448,51366,120,1.37
47299,47500,47295,10,0.62
59650,59739,59505,7000,0.08
31550,31590,31359,390,-0.11
86089,86148,85400,24359,0.18
29650,29706,29530,7990,-0.17
49840,49950,49599,3650,0.32
26920,27164,26756,21560,0.8
28434,28589,28421,6630,0.43
29285,29349,29190,8980,-0.31
31535,31620,31400,60,0.2
38240,38240,37715,890,-0.12
28025,28025,27550,17840,-1.71
28796,28933,28778,4330,0.58
41451,42176,40115,40080,1.35
29999,29999,29671,7920,0.14
31699,31720,31574,10610,-0.39
85730,86350,85610,25200,-0.03
29063,29148,29023,7270,0.1
61960,62377,61850,7840,0.25
85498,85875,84436,36373,-0.23
28300,28300,27925,3240,-1.21
29332,29385,29275,1580,-0.16
27150,27546,26731,50280,1.04
39750,40950,38700,82570,1.85
30830,30970,30825,40,-0.12
28522,28550,28380,7940,0.15
58656,58700,58454,9340,-0.39
30169,30210,30035,7170,-0.15
47150,47422,47027,9100,0.11
50696,50920,50200,16460,-0.19
44200,44740,43829,61170,0.48
44703,45380,44441,310,1.35
26170,26444,26170,16219,0.85
29682,29929,29682,22120,1.12
50355,50449,50270,1110,-0.08
55150,55150,51929,80850,-5.61
46890,46890,46430,22890,-0.32
46890,46890,46471,17680,-0.56
24850,24850,24591,20050,-0.88
30856,31158,30830,10100,0.6
71111,71743,71011,15740,0.93
32383,32570,32383,10900,0.61
26367,26756,26367,24600,1.02
50550,50980,50200,16590,0.63
56690,57076,56665,10030,-0.87
37998,38140,37880,13070,0.47
28539,28575,28403,9080,0.07
124299,125287,123401,58528,0.0
28787,28874,28633,12740,-0.65
30392,30416,30122,13680,-0.72
29155,29463,28811,4270,-0.65
30971,31115,30950,7380,0.35
29460,29565,29436,6270,0.36
32088,32330,32088,13820,0.66
30852,30899,30555,9810,-0.73
72999,73199,72470,11130,-0.32
46400,46959,46400,15550,0.14
29861,29982,29582,14160,-1.3
25712,25992,25712,21330,1.24
31671,31818,31619,1580,0.48
30129,30195,29802,11900,-0.6
30054,30054,29835,16550,-0.58
27140,27414,27101,13480,0.66
46299,46640,46209,50,0.65
48132,48200,47786,17250,0.06
77019,77019,75348,27620,-2.42
30588,30604,30408,4320,-0.57
52613,52750,52061,22340,-1.12
75680,76970,75572,1920,0.95
95900,96243,95120,47922,-0.01
47798,47922,47621,15170,0.34
51238,51620,51103,11740,0.7
26962,27076,26880,8530,-0.37
27465,27599,27370,19020,-0.34
33169,33200,32951,10600,-0.5
49470,49569,49157,8850,-0.29
31300,31300,31110,6670,-0.48
27255,27644,27255,12660,0.59
31235,31265,31151,6580,0.28
29230,29468,29116,30840,0.43
29340,29340,28762,21110,-1.75
50980,50980,50501,140,-0.08
29164,29275,28725,15480,-1.24
50580,50715,50442,8270,0.01
28145,28255,28097,7850,-0.23
63057,63122,62223,1250,-1.18
114499,115948,114499,53384,1.82
62300,62676,62271,2620,0.1
52878,53323,52475,28840,0.9
31425,31499,31172,14510,-0.98
30219,30259,29950,8730,-0.68
47200,47610,46974,46860,1.14
77300,77947,77300,16329,0.45
26892,27170,26892,15720,1.02
52248,52384,52129,8400,-0.08
26500,26567,26391,14030,-0.26
26840,26869,26454,40,-0.9
32105,32199,32060,10910,-0.06
29532,29638,29477,920,0.2
47682,47954,47651,12460,-0.01
25199,25442,25110,20140,0.8
97001,97228,96051,38763,-0.77
112643,113900,112500,10439,0.94
38852,39431,38634,1200,1.57
44945,45431,44873,320,0.45
30399,30660,30376,2220,0.44
97397,98052,97150,39705,0.79
31200,31275,31115,7310,0.21
29150,29265,29132,9960,0.14
26691,26749,26621,8060,0.96
46656,47180,46463,47800,0.82
30700,32279,30700,5670,4.63
50900,51296,50900,10,1.14
26509,26623,26340,26750,-0.26
38175,38475,38109,14660,0.86
71710,71770,71010,18480,-0.48
29186,29438,29173,12510,0.82
26190,26209,25918,15490,-0.76
50553,50844,50453,12830,0.21
46767,47630,46767,53470,1.66
60033,60271,59774,11250,-0.08
122280,123108,119500,108115,-2.18
27959,28790,27724,220,1.57
75680,75964,75352,14200,-0.37
24890,25149,24803,40,0.59
50150,50665,50150,36310,1.54
66250,66350,65800,4180,0.27
59124,59125,58981,4270,-0.16
30257,30494,30250,50,0.29
31000,31041,30871,13330,0.23
47899,48227,47726,35720,0.57
52558,53938,52558,32759,2.27
30600,30693,30556,7600,0.23
85656,86171,85520,18913,0.76
26759,26965,26602,16270,-0.23
29287,29395,29059,21410,-0.03
88850,89000,88320,18484,0.09
71695,71696,71245,11520,0.07
27815,28033,27584,20580,0.17
26527,26601,26400,1050,-0.33
29666,29666,29490,5980,-0.17
47060,47845,47024,23580,1.39
30930,30961,30831,8840,-0.32
47047,47170,46800,12500,0.18
60390,60822,60151,14070,0.2
29905,30147,29783,11100,0.42
49240,49273,48951,37680,-0.19
33000,33142,32910,9430,0.21
59207,59320,59083,7720,0.07
39721,39888,39550,26620,0.11
51263,51390,51115,6570,0.46
26850,26900,26600,16510,-0.13
38240,38644,38240,13880,1.03
76265,76465,76011,11000,-0.26
31700,31768,31453,14480,-0.9
25630,26220,25630,29460,1.85
28683,28950,28628,7830,0.7
37003,37207,36621,27320,1.28
51568,51680,51315,11720,-0.21
47199,47286,47011,9430,-0.02
27945,27968,27851,7670,-0.08
28474,28559,28395,5540,-0.21
47280,47280,46939,18480,-0.11
26145,26746,26145,21390,2.45
53467,55428,53340,51930,1.28
47951,48046,47825,7080,0.19
29481,29679,29355,15200,-0.06
30501,30648,30401,11820,-0.06
126100,126100,119753,69875,-4.94
77702,78104,77411,4700,0.18
31895,31960,31768,13200,0.07
36412,36775,36240,290,2.82
128999,130155,128999,55815,0.5
48300,48638,48300,15390,0.12
55655,55677,55050,7900,-1.21
68028,68210,66960,14710,-2.23
28503,28626,28450,7430,-0.03
45257,45730,45250,17870,1.56
29933,30085,29765,25800,-0.1
51880,52199,51620,35290,0.11
100602,100800,100155,36400,-0.08
32057,32367,32019,13030,1.01
50123,50202,50003,50,0.0
28517,28579,28302,15110,-0.43
26150,26244,25815,15530,-1.46
31710,31791,31570,8540,0.0
56720,57300,56720,9880,1.21
38388,38388,38070,7520,-0.46
29030,29166,28880,11100,0.38
27199,27720,27199,10790,0.7
28071,28079,27600,540,-1.37
31171,31171,30941,10730,-0.57
31685,32016,31639,14630,0.81
33777,33777,33210,3840,-1.76
49890,49922,49330,31360,-0.84
32148,32299,32103,11360,0.32
45790,46377,45507,310,1.47
29450,29456,29359,5800,-0.27
47200,47553,47200,200,0.64
49128,49599,49066,31550,1.0
40802,41291,38419,106920,-2.07
46984,47128,46770,14580,-0.11
29410,29499,29392,9440,0.1
30350,30470,30221,13380,-0.05
47220,47260,46800,190,0.02
71750,71909,71394,10600,0.14
37770,38070,37711,4270,0.48
29910,29980,29766,12860,-0.39
31031,31031,30863,11130,0.71
28462,28893,28391,14910,1.17
29502,29850,29402,11760,1.04
48130,48173,47830,11300,-0.41
85850,86110,85352,23266,-0.51
126573,129629,125524,93876,2.81
54527,54849,54501,5820,0.26
24682,24872,24615,19130,0.42
26569,26569,26300,8700,-0.61
71358,71575,71267,180,0.04
27050,27050,26770,16680,-0.74
29170,29330,29133,13780,0.49
96408,96827,95856,33278,0.06
62124,62294,61950,11110,0.11
59074,59249,59037,20,0.08
49332,49598,49182,9160,0.43
27096,27240,26860,18570,0.33
25791,26519,25585,33820,2.44
52768,53593,52723,280,1.73
62211,62489,62152,9520,0.11
31869,32184,31748,19210,0.98
31340,31545,31340,8840,0.47
96081,96733,95831,36158,0.35
30580,31080,30510,1380,1.76
24837,24870,24714,14790,-0.57
24786,24919,24716,18270,0.22
29439,29485,29310,9820,-0.36
40250,41049,40250,33170,1.31
30890,31168,30889,190,1.34
28121,28290,28057,14010,0.19
56299,56470,56187,7670,0.4
28050,28173,28050,7520,0.45
29700,29898,29355,19550,-0.08
29540,29718,29540,6170,0.54
30301,30515,30166,23170,0.31
26075,26110,25831,19910,-0.43
59900,60025,59410,14680,-0.65
29289,29390,29155,10600,-0.39
24670,24704,24540,290,-0.23
28770,28770,28650,8690,-0.31
26612,26612,26410,12460,-0.86
50199,50716,49465,39390,0.09
59773,59998,59701,8000,0.16
31495,31659,31495,12070,0.76
61595,61636,60957,13740,-0.99
49097,49614,48836,36370,1.05
28310,28450,28300,820,1.36
119869,121669,119300,102118,0.72
52125,52125,51380,13730,-1.51
32274,32274,31813,17210,-1.22
34550,34759,34475,23910,0.48
75656,76091,75434,12130,-0.04
48730,48788,48435,17840,-0.34
29132,29415,29054,17640,0.74
24823,24886,24666,2830,-0.38
28080,28150,27903,9480,0.59
27118,27258,27020,22930,0.14
38520,38800,38400,2320,1.07
29425,29425,29200,10300,-0.69
31500,31500,30450,60,-1.23
26860,26860,26572,15980,-0.92
28015,28114,27813,18520,-0.61
51115,52079,51035,380,2.11
30613,30819,30585,8760,0.4
29044,29590,29044,37830,1.34
50546,50825,50281,11950,-0.28
31499,31607,31318,170,-0.27
49321,49321,48807,29610,-0.24
51334,51549,51202,150,0.21
62835,63317,62828,8280,0.91
29700,29900,29634,10710,0.24
29640,29640,29405,8460,-0.16
52615,52850,52501,15080,-0.11
26530,26730,26520,11630,0.64
40000,40150,39660,24670,-0.09
26400,26499,26240,15300,-0.37
58899,59089,58665,8700,0.02
30551,30566,30427,4660,-0.33
122956,123258,120672,63689,-0.61
37975,38150,37905,20370,-0.12
57979,58205,57830,70,0.17
37604,37728,37550,12400,-0.09
48509,48509,47501,450,0.26
52401,52515,52066,8750,-0.57
30300,30339,30132,14900,-0.31
29717,29770,29638,5430,-0.37
48600,48840,48495,19380,0.06
29665,29740,29575,4990,0.0
50174,50220,50075,11570,-0.26
71002,71656,70910,18150,0.64
73911,74285,73623,13670,-0.42
136143,137037,135525,51877,0.02
30085,30172,29976,5480,0.04
42400,43900,42000,34450,2.15
48900,49217,48731,38450,-0.03
29039,29295,29009,7820,0.66
25803,26627,25123,5730,2.68
49137,49321,48936,24630,0.03
94809,96262,94300,27164,1.14
29278,29278,28884,26950,-1.23
35100,35189,35035,16100,0.31
62518,62555,62218,60,0.24
62609,62750,62365,360,0.27
49940,50139,49778,390,0.4
52030,52030,51030,40,0.41
46290,46333,45750,25390,-0.36
69200,69578,68533,15710,0.15
29475,29510,29393,5780,-0.28
47640,47650,47411,8780,-0.03
25578,26340,25201,980,-1.79
33300,33466,33138,9400,-0.17
71921,72147,71601,18960,0.08
55952,56077,55721,8180,0.29
50637,51058,50527,29170,-0.38
71559,71987,71300,10770,0.05
31090,31090,30892,6380,-0.58
47499,47700,47268,11910,0.02
30830,30939,30753,8710,-0.02
27730,27730,27021,18560,-2.22
29109,29249,28885,33260,-0.53
27126,27220,27072,6300,0.13
72880,72880,71240,270,0.16
47050,47575,46501,140,-2.11
31738,31749,31641,6730,-0.03
25523,25548,25477,2700,-0.45
27012,27130,26520,2920,-1.93
50880,51038,50727,21980,-0.13
50715,51068,50582,700,0.77
28639,29030,28618,27690,1.4
72491,72916,72466,11230,0.34
37250,38125,37250,44110,1.93
26800,26800,26450,12520,-1.71
26574,26590,26228,18830,-0.96
29220,29499,29216,11140,1.27
31000,31118,30950,5270,-0.28
56280,56367,56205,140,-0.28
61800,61943,61622,6620,-0.13
37419,37684,37355,22870,0.66
29700,29873,29682,10060,0.12
31119,31287,30767,9470,-1.31
27810,28124,27761,3300,0.9
72860,73194,72701,12280,-0.14
59455,59538,58711,13670,-0.79
120751,121570,120523,55453,0.39
46860,47187,46526,17880,-0.4
43520,43759,43035,20610,-0.09
28950,29337,28893,32240,0.38
49069,49288,48976,13310,0.46
108674,109250,108594,32594,-0.02
51693,51693,51223,9730,-0.58
109279,109786,108990,34441,0.7
47132,47455,47106,12460,0.14
60822,61590,60005,240,0.04
29515,29537,29444,5500,0.0
26974,26990,26805,6310,-0.17
46244,46379,45955,28540,-0.19
30811,30994,30800,8350,-0.19
33189,33260,32877,8130,-0.81
31120,31440,31120,16050,0.87
32011,32090,31653,23880,-0.63
30489,30804,30425,870,1.42
60950,61223,60950,5060,0.05
46290,46308,45401,4780,-1.62
62102,62462,61775,13130,-0.35
48664,48874,48582,2830,0.54
29009,29240,28960,1000,0.42
62255,62329,62005,7530,-0.14
47324,47344,46965,11510,-0.29
28234,28399,28155,13180,0.51
39520,40002,39486,210,1.8
71199,71530,71150,9020,-0.04
85736,85875,84780,5943,-0.83
47800,47989,47780,12530,0.09
46187,46188,44910,5190,-1.2
30399,30399,30210,6690,-0.67
27120,27636,26822,35790,-0.47
50021,50049,49630,18140,-0.24
65484,65695,65349,7770,-0.1
25300,25610,25162,18050,1.0
28550,28969,28111,31580,0.72
51499,51816,51499,10730,0.29
61350,62625,61350,18880,2.03
31180,31385,31120,14450,0.28
25710,25750,25510,11940,-0.37
75556,75693,74857,22000,-0.11
50094,50450,50093,190,0.36
46783,47290,46478,21660,1.09
46910,47090,46750,10000,0.04
52274,52479,52184,4660,0.38
58690,59111,58677,8140,0.66
30800,30971,30610,280,0.62
38106,38295,38060,20590,0.43
116433,117620,115900,51023,0.34
47706,47706,47015,13810,-1.34
27036,27080,26801,12720,-0.64
48835,49435,48578,34630,0.72
58300,58600,58206,8810,0.38
29726,29782,29700,4900,-0.17
55935,56050,55100,170,-0.24
29700,29729,29268,10650,-1.08
71049,71777,70995,20810,0.28
52950,53478,52950,13890,0.59
50000,50970,50000,45430,1.29
75169,75359,74620,1380,-0.05
26746,26746,26361,16510,-0.88
28651,28765,28560,7970,0.17
30389,30421,30010,190,0.17
27950,28067,27827,7440,-0.19
52400,52598,51355,59160,-0.49
34981,35121,34802,21460,-0.53
26548,26840,26235,33870,0.46
127010,127096,121767,107420,-2.54
31300,31815,31250,17380,1.75
49121,49246,48755,30040,-0.75
29912,30135,29832,110,-0.22
31681,31710,31518,10690,-0.45
32261,32320,31931,18620,-0.86
29730,29867,29661,20090,-0.36
29852,30090,29716,8200,0.72
128785,130200,128513,51597,0.24
59528,59528,59029,780,-0.97
27552,27900,27552,1200,0.05
28332,28437,28320,3950,0.16
29469,29469,29361,60,0.28
30841,31000,30695,1890,-0.21
48701,49000,48588,17920,0.35
30320,30415,30091,18370,-0.06
47200,47295,47077,14020,0.17
91960,93417,90970,64255,0.92
31027,31250,30914,12970,0.26
48767,48936,48590,10910,0.54
24997,25065,24881,14620,-0.54
87552,87844,87341,17163,-0.07
45000,45300,44625,33560,0.21
29280,29320,28900,16580,-0.18
28035,28470,27361,480,1.02
40345,40633,40232,19970,0.69
30893,30893,30552,330,-1.09
71846,72341,71612,300,-0.21
98190,99890,98190,56997,1.81
129325,129600,127912,60448,0.49
88299,88775,88241,22231,0.78
46808,47097,46511,23540,0.3
51557,51739,51305,29230,-0.85
48151,48151,47915,630,0.17
58186,58450,58148,120,0.2
26130,26250,26050,14660,-0.58
26925,26928,26801,8930,-0.42
50980,51131,50231,33720,-1.68
72234,72244,72050,70,-0.01
50210,50670,50210,11420,0.49
29349,29419,29080,12950,-0.87
47025,47280,46941,14250,0.33
92948,93446,92425,52253,0.34
62205,62578,62088,9880,0.03
31850,31850,31618,10530,-0.26
50609,50970,50271,21200,0.29
46924,47325,46672,21080,0.68
29155,29444,29123,10830,0.58
71622,71622,70875,18030,-1.07
27747,27774,27651,4160,-0.41
58469,58637,58150,13960,0.13
28201,28236,28005,9920,-0.22
58186,58430,57800,14100,-0.55
33801,34750,33801,190,0.88
71230,71240,70661,13460,-0.4
50877,51057,50200,14270,-1.21
30701,30849,30620,14750,0.06
98800,99040,98254,33811,-0.18
48290,48460,48150,16070,0.19
53802,53957,53721,5810,-0.29
38759,38800,38518,720,-0.49
47125,47285,46877,9960,0.12
27611,27611,27455,11210,-1.25
26508,26997,26440,5080,0.23
28405,28405,28140,10490,-1.13
32800,32800,32585,9620,-0.78
31832,31833,31284,25970,-0.5
29190,29395,29152,21900,-0.01
51267,51295,50901,4570,0.1
29161,29180,29002,13980,-0.16
53000,53259,52507,15290,-0.94
26760,27120,26760,15630,1.0
47906,47986,47351,29710,-0.63
26850,26877,26715,6530,-0.31
26734,26839,26521,12980,-0.76
37943,38249,37810,23230,0.59
26734,27060,26640,190,0.39
31306,31570,30500,640,-1.77
49900,50318,49711,25620,-0.05
97499,97795,96465,46469,-0.56
29050,29200,28983,14640,0.84
29250,29370,29215,11600,0.5
50444,50610,50122,21880,-0.41
93010,94800,92800,48431,1.55
50159,50395,49910,13460,0.0
54900,55660,54900,35600,0.41
29907,30290,29879,11080,1.23
31105,31360,31072,60,0.38
30215,30350,29925,70,-0.21
30820,31075,30789,8210,0.98
51959,52250,51266,47380,-1.27
72270,73041,72200,21500,1.09
29580,29651,29283,22800,-1.27
27770,28113,26850,190,-0.32
76250,76749,76051,20720,0.9
27250,27250,26533,23410,-2.55
28798,28920,28781,9610,0.67
48154,48154,47760,12200,-0.44
95910,95910,94518,27196,-1.6
25632,25861,25434,19180,0.29
30456,30474,30288,8330,-0.33
26211,26371,25737,22290,-1.71
47260,47449,47174,14480,0.39
28990,29053,28865,15130,0.22
40474,40625,40460,14930,0.38
28750,28840,28714,7950,-0.02
98111,98294,96265,46784,-2.36
46370,46973,46370,21620,1.22
29591,29670,29441,2140,-0.59
26260,26521,26199,16560,0.43
85799,86315,85703,26919,-0.12
29910,30080,29910,5850,0.47
29070,29380,29013,12430,0.05
76261,77273,76160,21650,1.07
28550,28573,28412,5920,-0.56
101390,103422,101390,25604,1.66
56879,58100,56800,640,1.29
30155,30155,30001,2100,-0.31
78246,78670,78157,12200,0.11
30730,30849,30610,19040,0.07
59600,59978,59481,12200,0.43
39198,39370,38353,630,-2.12
76160,76445,75661,15260,-0.43
32148,32148,31638,17110,-1.59
26383,26468,26292,9710,0.13
75177,75827,75177,15840,1.21
28350,28445,28320,4660,0.21
100711,101519,100380,54311,0.15
37750,37960,37725,19980,0.63
29130,29388,29130,7660,0.59
47550,47550,46839,40,-1.51
26594,26639,26200,630,-0.77
51100,51143,50700,10610,-0.65
26436,26665,26313,16470,0.41
29449,29570,29140,30930,-1.02
68999,69226,68800,570,0.68
26271,26360,26102,13820,-0.55
60711,61400,60711,11020,0.0
121298,122294,120600,69402,0.8
77798,78300,77635,11660,0.95
42000,42571,42000,19670,1.49
38076,38120,37965,12050,-0.28
69560,71499,69455,120,1.56
51000,51395,50551,31610,1.08
57665,59019,57634,23770,2.4
47950,48300,47739,40,0.04
46867,46904,46138,6950,-0.64
27766,27828,27650,7070,-0.48
49016,49145,48681,17040,-0.53
50948,51080,50111,22590,-0.15
59125,59540,59101,90,0.47
28921,28960,28680,9880,-0.59
26195,26226,26089,11460,0.05
51500,51799,51500,12580,0.68
50882,50970,50804,30,-0.36
119759,120495,119160,76339,0.69
32974,33149,32846,21560,-0.07
51168,51696,50843,500,2.05
29730,29740,29561,6630,-0.39
73389,73492,72907,16520,-0.54
26470,26494,26342,7830,-0.2
27696,27994,27673,12810,1.16
30350,30409,30222,10980,0.15
28738,28738,28515,12640,-0.92
46800,46960,46482,17130,0.67
59460,59500,59110,7400,-0.4
30732,30750,30490,8560,-0.65
29687,29941,29671,1150,0.11
27985,28085,27874,10300,-0.18
26096,26177,26041,12550,0.02
28789,28845,28267,9710,-1.47
29851,29862,29622,19510,-0.07
49875,50168,49856,10020,-0.09
31101,31288,30985,70,0.31
44500,45002,44500,150,1.21
26949,27118,26913,16610,0.39
28750,29183,28725,13440,1.57
65452,65541,65222,8440,0.0
28479,28688,28420,7210,0.68
95000,95640,94922,37674,0.75
56235,56280,55929,8920,0.14
134900,136888,134698,54815,0.86
27011,27172,26996,13600,0.56
72541,72740,68600,48270,-5.5
26313,26519,26219,14890,0.54
30187,30250,29800,270,1.3
106661,107682,106410,50562,1.22
25169,25190,24860,240,-0.49
29950,30400,29950,33820,1.67
28291,28460,28253,15280,0.31
41488,41987,41390,27950,1.02
28916,29029,28820,18140,-0.09
70690,71475,70690,16430,0.45
74366,75165,74305,18510,1.45
26519,26991,26519,16890,1.19
37863,37987,37850,11990,0.23
80247,80730,80195,11055,0.18
47400,47493,47073,40800,-0.17
47540,47990,47512,31360,0.38
55600,55821,55555,450,0.56
38382,38487,38200,18610,-0.55
71199,71550,70871,12030,0.06
34740,34850,34687,19680,-0.06
31070,31083,30920,7520,-0.13
94941,95750,94940,19680,0.13
59325,59380,59135,8380,0.13
26320,26470,26180,22310,-0.39
46556,46557,46345,20,-0.34
77455,77589,77031,16020,-0.18
71130,71439,71005,210,0.43
76100,76189,75587,1760,-0.88
29451,29600,29438,7900,0.36
57675,57788,56674,6960,-1.06
26760,26915,26685,9130,0.47
28639,28842,28639,5740,0.63
124000,125162,124000,55048,1.05
30024,30078,29910,20740,0.01
29620,29680,29450,13180,-0.66
58250,59295,58066,16730,2.22
31800,31912,31663,9540,-0.13
35012,35090,34921,15420,0.02
56216,57600,56216,18780,2.56
29602,31495,29571,12250,4.38
59117,59200,58872,5870,-0.19
51666,51922,51504,17160,0.51
38259,38406,38021,23550,-0.48
28656,28680,28535,5950,-0.38
60050,60444,59764,13500,-0.16
51900,52009,51202,25680,-1.37
46984,46984,45876,24980,-1.77
26138,26343,26120,14250,0.25
50688,50980,50551,23660,0.37
31011,31480,30941,11240,1.4
52498,52498,52101,12110,-0.27
47025,47500,47000,24590,0.13
47200,47242,46569,42280,-0.69
34395,35037,33900,40,1.02
71339,71365,70967,9590,-0.26
28275,28475,28233,11590,0.05
95303,95856,95097,5766,-0.62
30613,30788,30613,7260,0.18
108601,109050,108455,38282,-0.01
58999,58999,58576,8320,-0.51
50346,50437,49910,34580,-0.96
40533,40635,40451,13040,0.11
38993,38994,38701,5570,-0.4
28590,28645,28480,13990,-0.26
30660,30972,30600,70,0.85
63441,63441,62400,80,-0.15
51180,51180,49888,11190,-2.65
47165,47380,46850,40320,0.2
29750,29939,29650,10180,-0.04
56895,56929,56650,6580,-0.03
50063,50233,49856,9050,-0.42
62580,62982,62063,340,0.79
52000,52296,52000,9680,0.19
48185,48394,48106,7950,0.37
38821,38962,38385,40450,0.12
49213,49545,49008,16470,0.12
29479,29513,29258,230,-0.23
29910,29977,29830,9390,0.04
45735,46275,45100,31180,-0.75
28618,28658,28557,6070,0.22
50419,50540,50300,7050,-0.12
27350,27441,27152,13410,-0.29
31740,31930,31676,16670,-0.13
25000,25180,25000,13280,0.28
32300,32363,32190,12920,-0.06
31284,31373,31181,13720,0.41
47430,47460,47250,11820,-0.14
29550,29649,29381,11700,-0.42
26485,26530,26025,15680,-1.57
50755,51022,50502,350,0.38
98905,99250,98617,34285,0.14
28068,28247,28022,13210,0.32
30000,30243,29868,15670,0.08
34698,34862,34611,23110,0.58
71721,72111,71501,3440,-0.2
132350,133399,131663,51610,0.1
28090,28594,28090,14140,1.49
72540,73125,72516,13140,0.66
28387,28480,28171,10480,-0.08
46100,46146,45805,12760,-0.19
45600,46180,45518,21450,0.97
26300,26621,26272,16740,1.6
53246,53544,53130,140,0.01
30073,30385,30062,2260,0.9
31737,31999,31530,540,-0.14
52511,52545,52183,12710,-0.2
30500,30516,30371,7080,-0.21
47531,48035,47531,15990,0.83
25824,25824,25720,10570,-0.3
51400,51750,51318,14700,0.96
61726,61948,61516,6650,-0.08
47890,47925,47639,190,-0.1
84470,85399,84470,22181,1.29
27008,27110,26920,19690,-0.19
62021,62030,61755,3840,-0.21
26646,27068,26511,16300,1.17
28905,28971,28851,7770,-0.07
63153,64135,62620,90,0.74
38839,39049,38300,170,-0.71
31444,31482,31280,12680,-0.21
38550,38869,38360,28460,0.15
61601,62512,61450,10550,1.38
29095,29170,28865,50,-0.57
46089,46148,45708,16300,-0.03
26041,26085,25873,20910,-0.02
50186,50269,49850,8400,0.08
49054,49606,47651,110,0.53
29230,29317,28931,20330,-0.72
47833,48039,47517,6980,-0.67
26548,26600,26350,11550,-1.39
51935,51965,51525,60,-0.31
62196,62370,62125,10910,0.32
76198,76635,76121,17750,0.49
95100,95765,94778,9095,0.81
78203,78717,78090,17089,-0.3
30515,30515,30070,13030,-1.86
50100,50491,50001,25040,0.43
40618,40839,39750,100,-1.42
47280,47427,47243,60,0.25
28834,28868,28600,1640,-0.76
98573,99231,98350,37025,0.28
32214,32214,31897,12410,-0.8
58350,58391,57930,8400,-0.41
58932,59120,58902,4160,0.06
26311,26595,26263,16340,0.62
25518,25539,25241,14420,-1.27
58860,58948,58674,6480,-0.32
50752,51648,50615,15490,1.34
31576,31629,31462,6640,-0.33
30145,30200,29920,170,-0.73
29050,29248,29030,7420,0.4
76095,76164,75828,180,0.16
68949,69444,68608,14890,0.94
122361,124195,121500,76478,1.04
31042,31062,30884,9050,-0.33
31795,32155,31795,12900,1.62
28210,28277,27950,4410,-0.36
30682,30779,30443,15880,-0.22
97597,98076,96460,46210,-0.79
59805,60040,59676,7820,-0.05
30120,30160,30113,940,0.07
31101,31189,31047,6100,-0.09
58880,58993,58600,7880,0.0
26122,26800,26060,1600,1.72
117031,120730,117031,61325,0.61
58111,58594,58046,10120,0.08
30110,30269,30082,6310,-0.04
52225,52455,51765,11110,-1.21
50750,50786,50166,16020,-1.03
50636,51161,50636,23840,0.6
26350,26375,25684,15940,-1.71
30967,31335,30941,17460,0.25
50551,50731,49982,14440,-1.08
28630,28640,28459,90,0.0
29700,29830,29671,11120,0.33
34809,34839,34639,25480,-0.16
30600,30811,30600,8670,0.77
123189,123580,121961,66588,-0.54
31650,31780,31590,5670,-0.3
48986,49020,48251,330,-0.94
31100,31159,31066,8480,-0.13
49101,49275,48705,13290,-0.44
59208,59310,59021,6940,-0.32
51578,51638,51175,7330,-0.75
132252,132575,131803,41184,-0.19
30922,31075,30770,9890,0.35
53444,53715,53401,6290,0.41
26877,26950,26760,11250,0.0
45267,45267,44472,30,-1.11
27700,28145,27700,27570,1.37
109222,109570,109050,30033,0.34
25250,25280,25154,7600,-0.3
29751,29751,29550,8270,-0.82
29341,29525,29280,7800,0.58
28101,28140,27754,16370,-1.18
82661,83194,82309,21445,0.65
136526,136527,134866,59050,1.1
30820,30895,30567,16200,-0.66
33435,33440,32000,240,-1.51
44190,44400,43860,80,1.65
47450,47465,47150,280,-0.46
44720,44775,44163,29840,-0.47
48420,48513,48080,3740,-0.35
51395,51416,50975,12930,-0.69
71534,71639,71405,6310,0.02
51363,51581,51319,5220,0.04
27011,27099,26775,19260,-0.89
29517,29722,29251,24730,-1.41
76666,77260,76666,16379,0.81
38068,38165,37853,24420,-0.43
28398,28565,28392,12930,0.39
30973,31178,30973,8590,0.62
28804,28930,28740,12500,0.09
32900,32975,32807,9820,0.04
26950,27070,26835,14940,0.28
44910,44984,44584,19810,-0.55
56289,56492,56073,9600,-0.15
31440,31514,31384,6750,0.07
26624,26980,26588,12830,1.39
51000,51498,50714,44490,0.56
31499,31549,31350,70,0.17
59588,60200,59200,40,0.25
27930,28046,27888,11870,-0.09
29187,29231,29081,9330,-2.86
56759,56839,56466,7870,-0.4
28965,29224,28965,10160,0.12
26696,26938,26696,16430,0.8
25440,25789,25421,24140,1.28
40352,40464,40251,14130,0.18
125302,125800,124961,44486,0.61
26490,26600,26363,6820,0.19
47934,48399,47922,13010,0.92
51292,51296,50340,17870,-1.38
37795,38286,37757,21990,1.09
30855,30917,30735,860,-0.24
60916,61390,60906,11890,0.73
26450,26486,26010,16520,-1.39
51232,51565,51130,7920,0.47
29550,29660,29411,10220,0.0
50150,50577,49961,15450,0.38
50893,51725,50460,23680,1.32
27860,28134,27770,960,0.98
26824,27033,26797,12540,0.52
93549,93549,92334,24038,-0.48
33800,33877,33680,9090,-0.1
50880,51280,50755,340,0.03
109199,109694,108589,53408,-0.68
29325,29445,29258,10850,0.08
26581,26710,26566,14870,0.14
26800,26911,26650,570,0.55
56634,56634,56103,10490,-0.93
31000,31060,30960,2480,0.4
26325,26490,26001,250,0.23
31899,32064,31806,9410,0.32
50500,50560,50361,4410,0.12
28850,28985,28800,9090,0.1
47276,47466,47005,3010,-0.77
31895,32004,31790,15880,-0.03
95867,95991,95390,23656,-0.41
51453,51453,50763,15000,-1.63
51734,51734,49872,53200,-2.42
25221,25281,24981,13070,-0.86
61600,61830,61512,8140,0.37
24694,25034,24671,21500,0.73
25455,25455,25303,10140,-0.67
29835,32357,29835,48210,4.87
29876,29884,29705,6830,-0.23
31449,31517,31305,8780,0.22
24802,25146,24781,15390,0.99
48782,48900,47910,22470,-1.77
50115,50470,50000,29790,0.21
25032,25058,24880,6110,-0.26
70247,70630,69718,18580,-0.69
30928,31180,30740,18990,-0.27
26438,27050,26087,1150,-1.21
55257,56147,55253,13840,1.5
31298,31324,31215,6170,0.12
79267,79587,79257,14648,0.45
49255,49255,48659,29840,-0.79
26280,26390,26128,15570,-0.23
71520,71597,71260,7670,0.12
31800,31815,31590,12270,-0.53
26011,26250,25870,17350,0.73
105694,107136,105694,44257,1.31
57000,57269,56888,9070,0.44
48975,49210,48800,890,0.26
27565,27599,27266,17570,-1.16
50242,50265,49830,31010,-0.62
29504,29636,29473,6190,0.38
46020,46395,45913,14800,0.59
50630,50680,50200,10820,-0.85
51209,51306,50950,190,-0.07
60746,60746,60200,11600,-0.74
31265,31349,31185,10410,-0.11
28061,28135,27851,19880,-0.64
27610,27676,27318,4010,-1.22
99423,100725,99366,45987,1.38
30380,30432,30284,7370,-0.22
73001,73001,71808,20680,-1.79
31550,31651,31410,680,0.23
94978,97500,94978,49584,2.95
27112,27197,27101,6980,0.28
31176,31217,30857,13210,-1.11
51035,51160,50500,100,-0.86
29861,29944,29644,10370,-0.71
34160,34173,33964,20450,-0.48
46882,47999,46837,120,0.36
46400,46925,46370,13880,1.19
29202,29400,29134,6930,0.69
31199,31199,30711,26760,-1.06
29150,29220,29099,5060,0.27
50169,50474,50105,8780,0.33
30312,30312,29750,29600,-1.85
77100,77100,75260,32159,-2.84
26450,26819,26450,15510,1.31
29207,29599,29072,13860,0.71
26915,27215,26862,12890,0.62
27100,27689,27070,27660,0.74
46740,46930,46400,35540,-0.37
28511,28688,28480,6930,0.19
28411,28572,28401,7630,0.2
28610,28639,28440,10850,-0.59
26240,26509,26210,16309,0.89
30275,30364,30184,10020,-0.21
46297,46840,46125,30050,1.49
31370,31427,31172,10050,-0.85
29100,29116,28982,7740,-0.4
47670,47670,47012,30720,-0.44
127199,128989,126955,78786,1.65
61331,61525,61135,7190,0.31
121489,122100,121125,63899,0.17
30233,30320,30155,7630,-0.22
38980,39067,38900,120,-0.16
75889,76109,75377,330,-0.09
50480,50849,50356,28690,0.32
30187,30187,29888,12580,-1.09
29650,29724,29580,10770,0.09
47090,47375,46753,220,-0.47
81890,82094,81551,1125,0.36
32686,32686,31460,60,-0.81
31589,31650,31041,10180,-1.35
48009,48900,47953,30,0.41
27310,27362,27085,14210,-0.65
25302,25302,24671,20770,-2.39
30663,30700,30300,330,-0.28
46680,46692,46500,50,-0.41
78600,78887,78550,3200,0.64
52300,52300,50660,80,0.38
27020,27289,26988,10270,0.82
47850,48061,47651,27330,0.19
27944,28134,27924,9900,0.35
65620,65675,65280,8360,-0.43
136300,138300,136300,46771,1.24
49200,49621,49050,13780,-0.55
30821,30864,30755,7690,-0.08
75000,75240,74838,10710,0.38
29640,29650,29270,10540,-0.96
26089,26095,25956,12790,-0.37
46491,46850,46160,43750,0.16
50755,50825,50512,10230,-0.35
28560,28790,28560,6080,0.56
60311,60373,59565,17110,-0.96
71262,71560,71061,3460,0.08
58620,58880,58430,11850,0.59
49952,50017,49251,13950,-1.15
74867,75736,74850,640,1.09
30824,30830,30587,9120,-0.75
28000,28185,27967,8760,0.05
28806,28859,28700,7080,-0.24
25199,25395,25173,13980,0.5
29095,29317,29077,22080,1.1
26580,27114,26580,390,1.0
50818,50824,48855,58390,-3.7
50800,50980,50548,11160,0.01
29520,29900,29425,110,0.95
65800,66280,65711,13050,0.25
78027,78497,77255,12950,-0.97
29615,29740,29430,7490,-0.25
28436,28436,28263,4310,-0.44
29265,29278,29153,5420,-0.33
50100,50122,49710,26650,0.25
74171,74299,73929,12790,0.28
29722,29821,29520,3160,-0.86
31991,32039,31785,17350,-0.55
31851,31934,31705,9670,0.08
61850,61899,61690,4510,-0.11
31033,31743,29914,2850,-2.04
25150,25170,24992,10710,-0.68
96968,98100,96967,26856,0.52
31020,31350,30860,500,0.17
37602,37741,37554,10900,0.24
28120,28197,27743,2230,0.57
47864,47864,47463,10190,-0.45
66000,66026,65750,8450,0.04
26938,26958,26760,9780,-0.31
27328,27350,27110,19660,-0.83
27544,27620,27421,11500,0.21
25870,26115,25801,15890,0.75
30907,31154,30907,130,0.21
47019,47573,46980,29120,2.03
50350,50470,49510,42440,-1.74
29560,29630,29500,6450,0.03
31251,31276,31112,6270,-0.46
54070,54281,54050,2780,0.23
59127,59846,59127,16040,1.29
32052,32184,31985,8900,-0.16
29694,29745,29576,15640,-0.04
29260,29293,29101,6680,-0.05
28631,28740,28351,17230,-0.26
46303,46360,46125,190,0.2
47742,47950,47333,24860,-1.02
30550,30947,30550,13640,1.29
106501,106720,105500,44391,-0.72
34800,34995,34591,34610,-0.44
26482,26750,26452,13550,0.95
56815,57000,56633,9070,0.31
29469,29810,29425,11070,0.55
29001,29009,28836,8980,-0.38
62465,62763,62250,80,0.29
30468,30690,30468,19020,0.68
55549,55999,55325,380,0.48
27995,28100,27945,9720,0.05
31271,31334,31220,9700,-0.15
62385,62386,61525,15530,-1.11
27518,27695,27513,13940,0.57
55849,55879,55580,6970,-0.27
43200,44180,43200,920,0.67
30222,30453,30129,11620,0.6
51849,52135,51812,33870,0.11
26100,26661,26100,32270,1.91
74289,74319,73869,11900,0.06
38367,38679,38331,20050,0.6
29881,30022,29333,17730,-1.75
48850,49100,48600,16510,-0.11
31250,31500,31163,80,0.44
25488,25740,25336,16640,-0.11
29450,29510,29402,6550,0.29
32090,32119,31855,13330,-0.36
80509,81800,80380,3833,1.53
96894,97100,96801,16898,0.17
69979,71038,69953,27670,1.52
93439,93650,92076,50124,-1.45
40489,40912,40489,15050,0.74
27282,27336,27081,9460,-0.58
27884,27975,27755,260,0.4
50961,51125,50901,2260,-0.02
28238,28250,27935,20530,-0.4
62314,63190,62200,150,1.35
30840,30915,30771,7330,-0.04
26770,26860,26725,9190,0.0
29615,29775,29600,5950,0.33
29995,29995,29632,26130,-0.83
30200,30298,30055,12400,-0.46
30075,30245,29915,23170,-0.2
99539,99588,98951,19836,-0.34
31718,31869,31641,9160,-0.4
48030,48030,47450,18240,-0.99
30307,30372,30111,1470,-0.8
30511,30511,30311,15940,-0.55
69850,70200,69400,270,-0.16
59600,59800,59600,1090,0.15
26774,26774,26381,15740,-0.9
76265,76449,76195,50,0.42
28969,28979,28765,10090,-0.65
95200,95997,95050,42952,1.35
71782,72402,71636,10510,0.53
50666,50860,50521,20350,-0.33
31045,31050,30631,19820,-1.14
38450,38690,38325,19570,-0.23
37620,37909,37620,9180,0.68
40043,40345,39972,15610,0.18
56560,56949,56367,16320,0.34
51821,51944,51507,9050,-0.5
32727,33028,32680,10850,0.49
61163,61420,61042,7050,0.22
30668,30737,30505,9250,-0.62
28432,28507,28058,8840,-1.24
30941,31010,30915,8320,0.28
30943,31139,30812,16740,0.99
53955,54650,53955,9990,1.1
59853,60344,59757,7860,0.4
31450,31544,31380,7900,-0.01
27362,27420,27186,1120,0.05
53855,54065,53690,7310,0.3
29930,30045,29863,6670,0.3
47652,47904,47564,2300,0.39
29275,29572,29275,15920,0.86
60485,60510,60140,7430,-0.2
29045,29180,29045,710,0.56
60925,61146,60700,190,0.47
51713,51903,51713,10,1.14
65456,66785,65390,19090,0.58
30571,30650,30413,13420,0.33
29912,29952,29816,5770,-0.41
48699,49248,48568,28330,-0.42
56760,57001,56588,4850,-0.06
97799,98398,97501,30766,-0.01
60986,60986,59918,14070,-1.38
26476,26667,26352,6970,0.81
46420,47118,46420,42900,1.38
30650,30812,30580,340,0.46
29090,29090,28802,9720,-1.03
29462,29689,29361,9900,0.57
122734,124280,122202,72005,0.26
29147,29300,29032,11320,0.1
31906,32056,31885,12060,0.31
28650,28650,28500,8420,-0.29
112673,113247,112100,35111,0.12
27741,27760,27575,9260,-0.44
26599,26613,26371,260,-0.47
47351,47398,47025,10430,-0.89
26695,26840,26552,3920,-0.06
48245,48496,48153,18850,-0.31
39749,39959,39684,15500,0.61
28559,28750,28460,14960,0.48
44686,44686,44370,10,-0.31
75200,76025,75070,16059,0.79
29651,30192,29651,18880,1.72
45403,46090,45349,490,1.13
29860,29978,29780,7690,-0.01
62500,62530,62013,11280,-0.8
27750,27826,27713,7060,0.13
71932,72138,71230,27360,-0.67
30951,30969,30677,14740,-0.52
26026,26095,25911,11830,-0.38
29290,29290,28935,12030,-1.03
52375,52549,52375,5960,0.45
50344,50780,50085,15310,0.68
25834,25918,25485,17490,-0.98
57117,57281,56690,9660,-0.58
53001,53148,52227,34030,-0.67
29151,29199,28981,15140,-0.09
120759,122723,120759,76521,1.82
33549,33549,33250,130,-0.22
38400,38434,38030,20640,-0.69
29256,29386,29185,10460,0.01
30350,30446,30105,21500,-5.98
99818,99929,98251,43351,-0.97
25798,25940,25735,17110,0.0
37753,37753,37530,11790,-0.52
90710,90749,90128,24651,-0.05
58080,58080,57690,10090,-0.38
29475,29500,29357,5800,-0.15
68617,69044,68521,11560,0.01
26865,27119,26839,21930,0.84
124348,126472,123673,102840,1.44
29905,29920,29470,36900,-1.42
69633,69698,69212,11110,0.3
26985,27140,26953,8630,0.22
37747,37830,37615,15750,-0.02
29325,29540,29274,11300,0.33
29241,29254,28767,10850,-1.02
29349,29490,29333,8210,0.32
51097,51115,50835,3000,-0.1
29701,29825,29701,5520,0.21
76267,76373,75900,210,0.13
29319,29345,28951,12950,-1.11
29810,29810,29141,18000,-2.24
29575,29757,29532,7870,0.4
72401,72606,72130,10680,0.07
28470,28530,28420,7690,0.01
31100,31400,30990,19750,-0.29
45634,46087,45527,41420,0.76
55405,56199,55400,45660,0.94
47924,48099,47872,90,0.44
28290,28539,28290,14340,0.49
31020,31320,31020,12380,0.69
115878,117242,114841,88813,0.72
48001,48050,47400,16920,-1.05
32101,32182,32000,17720,-0.29
29045,29344,29038,2160,0.78
29170,29170,28838,11520,-0.62
99010,99011,98235,30887,-0.64
78855,79300,78782,14484,0.83
46579,46924,46468,24160,0.83
47501,47570,47300,12490,-0.04
54663,55000,52589,48040,-2.63
71993,72390,71720,10070,0.2
28349,28349,28080,10240,-0.68
49087,49300,48872,16510,0.14
97965,99348,97965,39403,1.28
26740,27050,26640,14160,1.04
29130,29195,28912,18710,-0.55
79055,79149,78741,14402,-0.2
60100,60718,59696,350,-0.36
26602,26694,26075,20090,-0.96
99510,100275,99510,20910,0.26
100157,100421,99123,39711,-0.86
51070,51749,50513,48630,1.34
28469,28482,28301,11160,-0.08
29900,30058,29766,24070,0.4
97482,97634,96838,33760,-0.31
31243,31483,31177,9900,0.49
28200,28237,28111,10570,0.33
92889,93549,91668,61604,-0.76
75625,75688,75424,10820,0.07
26275,26380,26160,1790,-0.45
50323,50400,49385,34510,-1.44
78890,79135,78430,17304,-0.6
29289,29345,29101,19010,-0.02
54293,54880,54219,6980,0.58
59959,60339,59801,11150,0.38
47142,47243,46929,20,-0.1
29251,29251,28521,19540,-2.36
57445,57727,56802,340,-0.15
49202,49548,49155,15990,0.43
45642,45761,44200,2130,-1.74
28250,30000,28250,46400,5.3
58702,58762,58326,9890,-0.15
48310,48495,48180,13380,-0.18
29020,29043,28335,16650,-1.3
28500,28699,28365,110,0.2
50855,51284,50789,21050,0.83
52766,52766,51999,20,0.83
29786,29799,29607,6760,-0.37
60389,60420,60010,9460,-0.15
130905,133282,130400,98046,0.57
51602,51747,51257,13950,-0.47
46930,47060,46800,12220,0.19
79628,80199,79552,9023,0.82
47118,47325,46600,37740,-0.72
27400,27420,27289,7230,0.31
30680,30702,30580,4930,-0.32
61899,61899,60200,110,-1.43
97200,97299,95364,71860,-0.94
37340,37525,37270,22990,-0.01
47870,48199,47790,30,0.18
31302,31439,31158,350,-0.27
30660,30744,30559,11400,0.02
31420,31425,31160,480,-1.14
78050,78360,77130,25140,-1.13
44970,45330,44802,13160,0.75
46700,46709,46088,34790,-1.37
38650,38816,38619,16480,0.37
85391,86286,85346,27305,0.76
25706,25832,25605,13490,-0.49
71463,71697,71129,7600,-0.66
49709,49923,49542,560,0.35
37700,37749,37437,20700,-0.01
28890,28890,28640,11430,-0.9
31106,31178,30975,7770,-0.03
52237,52525,52210,3160,0.4
71847,72150,71552,11000,0.87
31600,31758,31542,12370,0.51
71194,71365,70575,420,-0.6
51528,51800,51473,9140,0.38
28060,28146,27981,9280,0.09
32857,32953,31915,1560,-1.12
73093,73533,72923,14640,0.21
43311,43615,41601,75050,-2.58
56348,56348,55737,9200,0.01
25950,25993,25126,1190,-0.84
128067,128067,126091,11229,-1.64
128900,129542,128301,34061,-0.36
48587,48668,47879,23050,-0.84
29499,29500,29161,430,-1.1
30357,30402,30026,20450,-1.33
48694,49048,48560,9900,0.32
56351,56499,54925,53590,-1.96
98393,99035,98145,23007,0.55
43014,43014,41689,310,0.61
28080,28158,27987,720,-0.06
27130,27228,26940,20300,0.2
96000,96000,93896,68188,-2.6
38175,38271,37980,26510,0.48
59472,59632,58474,16820,-1.52
92835,93165,92625,22481,0.25
65375,66120,65315,16030,0.92
50753,50945,50608,7910,0.13
25741,25830,25551,20540,-0.63
112098,114090,111909,66088,1.47
29095,29371,29095,6090,0.91
29750,29836,29644,7720,-0.14
27102,27102,26942,13690,-0.42
31313,31410,31188,12940,-0.31
25256,25317,25111,12670,-0.33
47534,47667,47046,24780,-0.54
29287,29287,28927,6540,-0.76
28677,28877,28673,10090,0.02
48983,49349,48900,15050,0.72
39813,39939,39736,15260,0.0
28877,28877,28712,1770,-0.54
59680,59850,59484,9120,-0.3
26685,26760,26526,13880,-0.49
31660,31678,31530,1800,-0.17
31096,31220,31010,4140,0.73
47770,48140,47730,10400,0.76
66028,66380,65960,8910,0.41
52468,53640,52270,43930,1.88
31251,31369,31224,9620,0.2
71306,71380,70684,14550,-0.01
50360,52635,50360,24780,2.34
46944,46980,46265,40760,-1.51
45499,46360,45499,19510,2.19
60938,60980,60200,14190,-1.16
37700,37767,37525,23030,-0.44
45970,46359,45805,30680,0.11
31055,31227,31050,8090,0.52
49901,50388,49616,17150,0.85
51531,51605,51200,200,-0.71
50801,51698,50800,10,1.76
47900,48195,47880,7160,-0.03
95350,95373,93707,61401,-0.88
50953,51543,50953,14580,-0.53
60085,60300,59805,10020,-0.46
25406,25515,25275,11440,-0.07
72725,73450,72725,17690,0.94
51902,52231,51734,8690,1.05
27207,27246,26970,18440,-0.73
29332,29463,29332,1700,0.23
26035,26095,25785,23700,-0.45
87666,88375,87665,19889,0.81
76459,77427,76311,21890,0.91
26212,26273,26113,7410,-0.41
27418,27427,27262,270,-0.27
39990,39990,39870,10010,0.02
31750,32017,31691,14670,0.95
96938,97993,96938,44005,1.12
73040,73180,72850,10750,-0.06
26595,26620,26465,9330,0.95
28769,28770,28600,9930,-0.28
28160,28299,28160,9350,0.47
25356,25496,25214,16280,-0.22
29500,29550,29440,190,-0.02
51047,51095,50805,8080,-0.13
30700,30700,30585,3970,-0.08
27642,27784,27633,15760,0.33
58385,58390,58007,8380,-0.66
33060,33082,32811,11150,-0.59
28763,28896,28680,7060,0.21
52100,52764,52100,15370,1.29
38547,38879,38465,19150,0.33
29977,30168,29977,6080,0.54
29030,29198,28960,15810,0.59
27417,27500,27260,15940,0.11
50847,50933,50711,5740,-0.15
62098,62669,62098,15330,0.88
70437,70549,70191,12810,0.0
47999,48259,47792,42280,0.01
27582,27725,27460,15210,0.11
30891,30906,30711,6820,-0.3
47779,47963,47669,13920,0.4
31497,31697,31497,9890,0.41
26450,26680,26388,12440,0.72
58900,59946,58900,3450,0.82
50386,50530,50280,7830,-0.17
50715,51493,50654,150,2.53
73415,73649,73306,12250,0.07
94940,95600,94451,25080,0.12
48048,48147,47830,28160,-0.32
27782,27782,26861,1050,0.13
31785,31898,31630,180,0.14
57001,57678,57000,11660,-0.21
73700,73700,72811,17590,-1.48
26900,26900,26634,10770,-0.82
75900,76350,75867,15640,0.43
31721,32053,31721,13470,0.45
38200,38260,37931,27740,-0.74
121126,121136,119215,73605,-1.31
51595,51842,50980,16200,-0.63
29500,29700,29500,14740,0.68
62238,62332,62053,7000,-0.1
73929,74345,73542,12790,0.94
55845,56253,55800,11810,0.76
59680,59800,59151,15370,-0.63
60500,60580,60075,10850,-0.15
55503,55540,55341,2610,-0.16
29020,29050,28705,13420,-1.36
27498,27598,26912,22240,-2.58
51600,51987,51553,1990,0.81
28170,28638,28170,15920,1.8
27358,27496,27343,12770,0.34
31341,31466,31252,16520,-0.15
31115,31292,31075,9910,-0.3
47794,47926,47671,9070,-0.09
47005,47005,45400,32290,-2.86
50850,50945,50685,7270,0.05
32147,32499,32113,1290,0.85
77899,78360,77590,30920,0.7
44280,44280,43511,23910,-1.39
63127,63250,62616,5660,0.1
50376,50740,50346,350,0.33
50411,50550,50330,8990,0.08
56000,56000,55566,6190,-0.77
40400,40990,40400,4950,1.43
37400,37680,37350,19810,0.42
28882,28882,28575,14660,-0.99
31401,31757,31265,16970,0.78
47170,47549,47100,12350,0.85
27919,28033,27840,10470,0.06
29788,29977,29767,7070,0.15
30238,30300,30154,170,-0.35
25189,25250,24975,3710,-0.38
72671,73230,72671,16520,0.79
28839,28910,28784,7330,0.11
71126,71379,71026,1090,0.05
29200,29200,28980,8750,-0.56
29101,29440,29095,9560,1.17
25800,26130,25780,25320,1.36
31001,31001,30873,6950,-0.27
31499,31647,31426,8010,0.47
26960,27009,26860,12060,-0.17
29229,29547,29180,25790,0.76
46602,47100,46601,30,0.61
30400,30535,30310,180,-0.14
47300,47938,47300,37640,1.22
37901,38060,37900,13840,0.15
84043,84245,83371,26411,-0.14
52464,52634,52360,650,0.15
32300,32410,32165,17660,0.04
27400,27584,27281,13710,0.52
30322,30850,30257,1600,1.99
25660,25794,25530,18360,0.24
31319,31364,31000,13550,-1.03
26073,26110,25971,14090,-0.21
98490,98590,97682,30927,-0.84
48550,48936,48400,10510,0.6
28799,28806,28622,9370,-0.46
37980,38273,37957,20310,-0.57
27235,27800,27207,110,1.36
29660,29748,29605,12470,0.09
84791,84895,84346,15711,0.51
47831,48088,47723,11580,0.4
47399,47706,47356,17130,0.48
46490,47420,46480,51030,1.55
31016,31085,30859,14940,-0.7
33630,33658,33265,14500,-1.24
34469,34806,34332,31360,0.67
25589,25620,25410,9900,-0.73
30705,30872,30030,230,-2.21
50020,50020,49258,21400,-1.41
59241,59399,59041,130,0.12
29430,29832,29421,6940,0.73
86250,86250,85450,26706,-0.18
55419,55820,55264,1590,0.66
71601,71901,71530,13030,0.35
52854,52854,52626,8270,-0.35
28050,28058,27932,10780,-0.29
25920,25971,25732,15150,-0.13
48470,48588,48237,17740,-0.04
48205,48205,46628,32070,-3.1
124154,126590,123620,76031,1.99
100649,100990,99970,44304,0.16
69849,70000,67924,110,-1.07
50678,50678,50090,19970,-0.91
32200,32200,32031,13040,-0.34
31160,31316,31082,14960,-0.15
50280,50351,49990,150,-0.69
46499,46680,46171,42680,0.62
27095,27442,27094,26640,2.0
60100,60525,60100,10990,0.0
78323,78706,78228,16143,0.65
29760,30147,29760,38490,0.75
44762,45000,44650,12640,-0.22
29000,29074,28765,22560,0.26
74895,74936,74420,12360,-0.38
46890,46943,46500,30,-0.39
46987,47030,46810,6110,-0.35
29327,29412,29290,9650,-0.06
59064,59238,58555,11770,-0.55
113490,114150,112374,38769,-1.09
34499,34581,34300,25570,-0.01
26220,26600,26220,11900,1.12
48911,49036,48827,10270,-0.01
46747,46869,46612,11490,-0.09
31500,32379,31090,1310,-2.89
72149,72380,71850,9520,-0.21
28099,28369,27860,17400,0.2
30989,31027,30847,10830,-0.14
47730,47842,47402,80,0.61
29640,29700,29468,9680,-0.55
61399,61685,61399,4380,0.33
59138,59379,59001,200,-0.01
50915,51049,50306,27040,-0.98
28120,28158,28025,10170,-0.16
46750,46805,46100,60,-0.93
28088,28195,27985,9480,-0.01
28596,28719,28541,10870,0.07
25930,25965,25725,220,-0.22
49920,50200,49910,100,0.25
27896,27974,27771,15130,-0.5
39337,39490,38981,1850,0.06
52274,52672,52217,10440,0.62
50580,50735,50501,6640,0.09
40668,41500,39820,43820,2.22
58601,58840,58553,8870,0.17
71690,72751,71690,21550,1.41
55605,55986,55605,6390,-0.23
30871,30888,30685,9460,-0.56
73519,74074,73367,16900,0.97
62587,62587,61714,6480,0.11
30177,30342,30120,2920,0.25
29750,29750,29317,34880,-0.74
97250,97429,96760,29688,-0.19
37655,37880,37488,27500,0.29
30796,30839,30458,2070,-1.02
33199,33378,33175,7270,-0.48
59199,59460,59097,9910,0.38
28730,29010,28500,21260,-0.63
31847,31847,31692,6670,-0.11
96789,98000,96789,58023,1.58
59317,60320,59120,24580,0.33
25136,25142,25062,8710,-0.28
26555,26675,26320,18410,-0.24
59978,60740,59935,17320,0.78
30643,30643,30405,9440,-0.18
29268,29650,29200,16430,1.05
47418,47971,47418,22960,0.27
28125,28192,27947,10100,-0.49
46614,46923,46502,34600,0.07
26499,26600,26366,13760,0.04
28270,28285,28150,8470,-0.04
28569,28660,28461,7730,0.01
51443,51467,51166,5680,0.18
47996,48125,47480,12420,-0.73
26050,26100,25825,21180,-0.39
58989,59335,58910,10910,0.7
28400,28885,28400,190,0.21
29515,30100,29515,4490,0.63
51250,51536,50968,33440,0.1
28805,28848,28720,7610,0.09
59161,59215,58950,9730,-0.34
52300,52530,49526,68550,-4.59
31139,31280,31089,9190,0.29
60100,60248,59605,9710,0.11
26698,26885,26620,15810,-0.15
29030,29494,28900,240,0.35
32641,32944,32610,18520,0.41
50299,50465,50169,110,0.22
28170,28248,28087,9500,-0.15
28096,28187,28032,660,0.11
27280,27339,27108,12950,-0.62
31068,31068,30785,8150,-0.42
32617,32776,32617,11390,0.33
32500,32800,32300,120,0.19
65852,65867,65260,15980,-0.82
48351,48620,48230,20650,-0.31
47855,48467,47855,23470,1.58
96477,96950,95877,39304,-0.27
28829,28960,28751,11080,-0.24
75329,75380,74742,7530,-0.61
26510,26559,26361,9930,-0.23
33302,33413,33190,9550,0.2
59558,60625,59558,160,1.4
58769,59490,58769,13200,1.28
31110,31110,30756,8280,-0.76
29354,29426,29234,14900,-0.32
47534,47534,47402,5740,0.23
29660,29817,29660,8420,0.51
50790,51171,50740,2870,0.02
60050,60861,59900,710,1.35
28660,28779,28531,13160,-0.26
38424,38588,38224,16910,-0.33
29330,29356,29189,5980,-0.12
30677,30735,30492,15380,0.23
29212,29212,28980,18810,-0.42
31180,31195,30755,11170,-1.09
30585,30648,30389,7860,-0.49
26243,26320,26132,13560,-0.13
99848,99848,99225,36544,-0.17
74191,74300,73900,9820,-0.25
29321,29343,28914,19320,-1.18
51899,51899,51023,1350,-0.2
45450,46222,45355,40800,1.67
26111,26518,26043,8150,1.05
71444,71593,71101,9040,-0.43
104799,105788,104457,51598,1.72
29050,29222,28875,11840,0.27
26864,26864,26681,9480,-0.29
49277,49328,48600,30090,-1.0
40100,40380,40023,13240,0.3
61888,61963,61744,11120,0.12
31810,32165,31810,8390,0.94
49649,50425,49649,35230,1.45
29530,29689,29466,9360,0.37
26725,26922,26654,13730,0.75
48239,48254,47830,2650,-0.64
28932,28932,28653,7380,-1.04
44860,45038,44763,21500,0.38
51678,51872,51421,14320,0.01
58500,58635,58385,6590,0.0
29849,29913,29470,15910,-1.13
37700,37891,37451,28040,-0.61
37700,38426,37595,28960,1.53
98455,98750,97706,7875,-0.12
46719,46809,46202,5170,-0.82
86280,86339,85400,20977,0.13
47600,48180,47512,16920,0.35
48614,48981,48486,27980,-0.24
26180,26389,26140,14190,0.54
29475,29475,29275,8109,-0.46
29871,29871,29586,18130,-0.93
77849,78218,77765,14396,0.43
47669,47862,47350,630,-0.58
37749,38188,37749,25820,1.72
43690,43838,43270,35130,-0.82
25987,25987,25774,14060,-0.32
60697,60957,60610,10030,0.04
29875,29960,29556,14020,0.26
52349,52630,52102,15490,-0.2
38156,38200,37945,20030,-0.48
49338,50140,49257,16900,1.07
117979,119793,117979,66826,1.84
71773,71773,71280,11670,-0.35
30822,31038,30782,24110,0.09
50420,50912,50380,11080,0.58
68550,69014,68500,610,0.79
47930,48136,47711,27630,0.09
59294,59390,59105,11390,0.05
30549,30748,30526,11420,0.71
38188,38245,37536,27880,-1.68
39700,40170,39121,49450,0.31
40049,40987,39885,46770,1.33
51375,51455,50790,930,-1.32
31310,31380,30738,430,-1.72
26898,26969,26786,14010,-0.19
29100,29218,28960,10370,-1.57
109210,110196,108800,39771,0.74
28432,28475,28271,7580,-0.39
27540,28260,27470,16390,1.61
52280,52480,52195,7620,0.4
28996,29157,28705,26940,-0.75
28607,28790,28580,1450,0.38
70379,70379,69000,420,1.34
47650,47848,47643,9530,0.23
38087,38170,37711,16890,-0.91
31405,31440,31285,6020,-0.52
60323,60384,59627,17270,-0.26
32199,32245,32083,14020,0.21
50717,51029,50717,9680,0.57
29349,29549,29349,11910,0.55
50775,51040,50317,16960,1.02
40490,41161,40490,1150,0.28
47488,47625,47429,30,0.18
62521,62644,62448,4990,0.31
71890,72599,71425,140,0.98
29760,29969,29740,10190,0.37
93550,95268,93550,46672,2.25
30576,30690,30450,6630,-0.63
31800,31824,31597,6440,-0.76
58110,58320,57992,8850,0.11
24583,24745,24530,10620,0.6
30780,30817,30200,660,-0.37
29310,29884,29210,31230,0.99
27670,27927,27551,8950,0.51
31125,31300,31125,6160,0.58
24680,24919,24551,15360,0.2
129251,129389,128224,43318,-0.32
28049,28157,27996,8760,-0.04
47290,47550,47130,39880,0.02
38277,38345,38250,670,-0.21
28136,28382,28135,60,0.44
74273,74944,74217,15990,0.95
26644,26740,26472,12930,-0.42
29080,29157,28935,22580,-0.28
30509,30800,30509,13770,1.07
28780,29270,28614,22300,1.49
29273,29448,29211,18560,-1.64
75500,75931,75008,19350,-1.21
29550,29900,29550,9030,1.03
26780,27177,26676,27330,1.37
32394,32601,32315,150,-0.09
27835,27887,27620,13130,0.1
51697,51697,51453,5930,-0.24
29893,30038,29817,11960,-0.25
27313,28199,27313,21910,2.95
62243,62462,62191,5660,-0.03
58448,58533,58261,7110,0.01
28531,28800,28500,2600,0.06
31993,32030,31591,15060,-1.23
94820,95190,94418,7692,-0.61
50305,50387,50051,11800,-0.22
28427,28778,28340,12650,0.13
26586,26937,26488,16660,0.29
27845,27885,27671,8950,-0.7
76500,76859,76350,13730,-0.14
99061,99400,98274,25645,-0.67
28498,28550,28461,7110,0.32
26678,26820,26650,8790,0.38
51100,51788,50906,430,1.16
31530,32500,31510,400,1.19
52350,52485,52105,10090,-0.38
38218,38325,38020,23560,-0.13
62169,62419,62055,10640,-0.53
47520,47990,47315,13760,0.84
46663,46765,46575,9690,0.09
26842,26873,26615,11850,-0.55
29660,29767,29586,8540,0.08
27673,27860,27670,1430,0.46
58515,58772,58380,10090,0.28
28907,28916,28711,7710,-0.19
30699,30710,30525,5190,-0.53
40792,41270,39893,47710,-1.37
30361,30514,30130,19380,-0.36
64659,65127,64559,13400,1.32
60400,60401,59958,7290,-0.08
32000,32045,31836,170,0.02
65252,65548,65041,8910,0.09
49248,49497,49210,21700,0.52
27824,28450,27810,24740,1.69
31616,31758,31572,10840,0.27
30620,30899,30620,10490,0.83
53988,53988,53600,150,0.64
50400,50988,50400,30470,1.26
59932,60549,59932,10300,0.36
48882,49120,48732,15280,-0.01
31980,32235,31955,16620,0.71
50854,51165,50827,10010,0.18
46650,46659,46180,12630,-0.76
25780,25863,25680,6120,-0.08
51533,51708,50966,1490,-0.16
79400,79619,79251,14044,0.07
26756,26920,26620,15850,-0.68
33890,34297,33709,27580,0.36
49429,49429,48621,35190,-1.76
58282,58495,58211,7600,0.12
26300,26591,26300,23100,1.15
75639,75990,75275,14740,0.38
27567,27598,27010,19860,-1.81
95782,96004,94905,29463,-0.79
49376,49991,48867,31170,1.22
47865,48035,47710,18880,0.25
31452,31583,31284,6600,-0.05
47800,47882,47711,8500,0.76
37880,37941,37281,24290,-0.53
48630,49080,48377,380,0.65
30185,30600,30100,190,1.05
44200,44881,43407,76250,0.51
125360,125719,125087,26081,-0.17
28878,28991,28675,8810,0.28
128999,130988,128795,55011,1.87
50352,50847,50272,27720,0.84
50735,50826,50475,8690,-0.3
25785,25859,25700,14690,-0.52
51750,51750,51257,34620,-0.73
31755,31789,31651,5960,-0.02
38010,38170,37455,27540,-1.37
62047,62195,61933,8610,-0.06
27037,27348,26912,19060,0.31
28757,29119,28757,13700,1.34
63035,63188,62893,2410,0.07
29978,30731,29970,27800,2.45
44373,44399,43060,290,-1.5
48701,49317,48635,42550,0.75
46008,46072,45679,17770,-0.53
61058,61360,60977,8380,-0.24
28700,28749,28510,17370,0.03
59095,59180,58861,8540,-0.28
72201,72201,70900,1990,-1.77
24614,24635,24500,100,-0.38
55999,56029,55710,60,-0.06
49820,49899,49600,13260,-0.08
28580,28630,28487,7810,-0.04
74639,74950,74267,11930,0.43
30315,30315,30161,7750,-0.56
25800,26028,25609,24080,-0.38
51000,51398,50967,26660,0.74
27174,27174,26913,6400,-1.44
75671,75930,75452,12880,-0.13
47996,48074,47886,6530,-0.1
30220,30693,30066,12870,1.36
28596,28782,28596,7100,0.32
47469,47469,46910,16580,-0.97
30015,30170,29951,6780,0.03
39917,40274,39806,21340,0.91
56730,56895,56500,10210,-0.13
30600,30790,30511,18180,0.33
26626,26820,26527,16370,0.61
60673,60880,60410,10480,0.14
31192,31387,31135,19520,0.28
59450,59599,59250,8790,-0.12
78389,78728,78018,25071,0.42
27950,28225,27750,2880,-0.67
29400,29460,29011,27150,-0.76
28245,28267,28035,12310,-0.15
69504,70388,69436,15900,1.08
49333,49620,49000,28650,-0.58
49256,49470,48968,27640,-0.36
46306,46590,46306,310,0.07
26473,26513,26150,28390,-1.4
26720,26884,26720,8740,0.18
97198,97459,96962,31271,0.12
96668,97091,96190,41023,-0.18
51339,51645,51158,13160,-0.36
26514,26950,26381,19580,1.38
26601,26697,26460,7800,0.14
50808,51007,50575,12730,-0.57
46135,46215,45910,14400,0.15
81243,83060,81202,25861,1.18
49170,49436,49081,14670,-0.02
